<application>
  <component name="ProjectManager">
    <defaultProject>
      <component name="PropertiesComponent"><![CDATA[{
  "keyToString": {
    "settings.editor.selected.configurable": "preferences.pluginManager"
  }
}]]></component>
      <component name="VcsDirectoryMappings" defaultProject="true" />
      <component name="WindowStateProjectService">
        <state x="461" y="81" key="SettingsEditor" timestamp="1728864321109">
          <screen x="0" y="0" width="1920" height="1032" />
        </state>
        <state x="461" y="81" key="SettingsEditor/0.0.1920.1032" timestamp="1728864321109" />
      </component>
    </defaultProject>
  </component>
</application>