<application>
  <component name="Trusted.Paths">
    <option name="TRUSTED_PROJECT_PATHS">
      <map>
        <entry key="C:\Users\assort_c2\Documents\Unreal Projects\Dummy_5_3" value="true" />
        <entry key="C:\Users\assort_c2\Documents\Unreal Projects\Dummy_5_3\.idea\.idea.Dummy_5_3.dir" value="true" />
        <entry key="D:\JMS\DummyProject\Dummy_v5" value="true" />
        <entry key="D:\JMS\DummyProject\test01" value="true" />
        <entry key="D:\JMS\Git\UEStudy\Basic" value="true" />
        <entry key="D:\JMS\Git\UEStudy\Basic\.idea\.idea.Basic.dir" value="true" />
        <entry key="D:\JMS\Git\_Git\Basic" value="true" />
        <entry key="D:\JMS\Git\_Git\Basic\.idea\.idea.Basic.dir" value="true" />
        <entry key="D:\JMS\MassEntityData\MassSample" value="true" />
        <entry key="D:\JMS\MassEntityData\MassSample\.idea\.idea.MassSampleProject.dir" value="true" />
      </map>
    </option>
  </component>
</application>