<application>
  <component name="DimensionService">
    <location key="find.popup.0.0.1920.1080" x="640" y="168" />
    <size key="GridCell.Tab.0.left.0.0.1920.1080" width="1838" height="312" />
    <size key="GridCell.Tab.0.center.0.0.1920.1080" width="1838" height="312" />
    <size key="GridCell.Tab.0.right.0.0.1920.1080" width="1838" height="312" />
    <size key="GridCell.Tab.0.bottom.0.0.1920.1080" width="1838" height="312" />
    <size key="GridCell.Tab.1.left.0.0.1920.1080" width="1838" height="312" />
    <size key="GridCell.Tab.1.center.0.0.1920.1080" width="1838" height="312" />
    <size key="GridCell.Tab.1.right.0.0.1920.1080" width="1838" height="312" />
    <size key="GridCell.Tab.1.bottom.0.0.1920.1080" width="1838" height="312" />
    <size key="GridCell.Tab.2.left.0.0.1920.1080" width="1838" height="312" />
    <size key="GridCell.Tab.2.center.0.0.1920.1080" width="1838" height="312" />
    <size key="GridCell.Tab.2.right.0.0.1920.1080" width="1838" height="312" />
    <size key="GridCell.Tab.2.bottom.0.0.1920.1080" width="1838" height="312" />
    <size key="GridCell.Tab.3.left.0.0.1920.1080" width="1838" height="312" />
    <size key="GridCell.Tab.3.center.0.0.1920.1080" width="1838" height="312" />
    <size key="GridCell.Tab.3.right.0.0.1920.1080" width="1838" height="312" />
    <size key="GridCell.Tab.3.bottom.0.0.1920.1080" width="1838" height="312" />
    <size key="GridCell.Tab.4.left.0.0.1920.1080" width="1838" height="312" />
    <size key="GridCell.Tab.4.center.0.0.1920.1080" width="1838" height="312" />
    <size key="GridCell.Tab.4.right.0.0.1920.1080" width="1838" height="312" />
    <size key="GridCell.Tab.4.bottom.0.0.1920.1080" width="1838" height="312" />
    <size key="find.popup.0.0.1920.1080" width="1087" height="864" />
  </component>
  <component name="WindowManager">
    <frame x="42" y="11" width="1400" height="992" />
  </component>
  <component name="WindowStateApplicationService">
    <state x="522" y="328" key="APPLICATION_WIDE_STORE_#rider.projectView.actions.properties.EditPropertiesDialog솔루션" timestamp="1729490235509">
      <screen x="0" y="0" width="1920" height="1032" />
    </state>
    <state x="522" y="328" key="APPLICATION_WIDE_STORE_#rider.projectView.actions.properties.EditPropertiesDialog솔루션/0.0.1920.1032" timestamp="1729490235509" />
    <state width="462" height="163" key="ShowUsagesActions.dimensionServiceKey" timestamp="1729574338009">
      <screen x="0" y="0" width="1920" height="1032" />
    </state>
    <state width="462" height="163" key="ShowUsagesActions.dimensionServiceKey/0.0.1920.1032" timestamp="1729574338009" />
    <state x="960" y="452" width="800" height="650" key="WELCOME_SCREEN" timestamp="1728953982665">
      <screen x="0" y="0" width="1920" height="1032" />
    </state>
    <state x="960" y="452" width="800" height="650" key="WELCOME_SCREEN/0.0.1920.1032" timestamp="1728953982665" />
  </component>
</application>