<application>
  <component name="Translation.Cache">
    <option name="lastTrimTime" value="1729475508960" />
  </component>
  <component name="Translation.Settings">
    <option name="translator" value="MICROSOFT" />
  </component>
  <component name="Translation.States">
    <option name="translationDialogHeight" value="260" />
    <option name="translationDialogLocationX" value="659" />
    <option name="translationDialogLocationY" value="385" />
    <histories>
      <item value="UMS interp movement processor" />
      <item value="An octree" />
      <item value="octree" />
      <item value="An octree. Just kidding, this is a simple one for Mass These are all template thingies required by TOctree2, so I might be doing things wrong here! The shared pointer for FOctreeElementId2 isn't very ~data oriented~ but it's how TOctree2 is meant to be used afaik." />
      <item value="FMassFragments are simple structs that can hold data. If you want to, it is possible to add functions as well for gettersetters and the like. USTRUCTS cannot have conventional UFunctions though" />
      <item value="AI perception" />
      <item value="AIPerceptionComponent is used to register as stimuli listener in AIPerceptionSystem and gathers registered stimuli. UpdatePerception is called when component gets new stimuli (batched)" />
      <item value="perception comp" />
      <item value="the reason for this being namespace instead of a regular enum is so that it can be expanded in game-specific code @todo this is a bit messy, needs to be refactored" />
      <item value="Static class with useful gameplay utility functions that can be called from both Blueprint and C++" />
      <item value="event instigator" />
      <item value="damage causer" />
      <item value="inverse transform direction" />
      <item value="normalized delta rotator" />
      <item value="conv vector to rotator" />
      <item value="Return the FRotator orientation corresponding to the direction in which the vector points. Sets Yaw and Pitch to the proper numbers, and sets Roll to zero because the roll can't be determined from a vector. 반환: FRotator from the Vector's direction, without any roll." />
      <item value="Transform a direction vector by the inverse of the supplied transform - will not change its length. For example, if T was an object's transform, this would transform a direction from world space to local space." />
      <item value="Returns Player's Point of View For the AI this means the Pawn's 'Eyes' ViewPoint For a Human player, this means the Camera's ViewPoint" />
      <item value="spawn emitter attached" />
      <item value="Emitter" />
      <item value="Helper macro to bind a UObject instance and a member UFUNCTION to a dynamic multi-cast delegate. @param UserObject UObject instance @param FuncName Function pointer to member UFUNCTION, usually in form &amp;UClassName::FunctionName" />
      <item value="Helper macro to bind a UObject instance and a member UFUNCTION to a dynamic multi-cast delegate. 매개변수: UserObject — UObject instance FuncName — Function pointer to member UFUNCTION, usually in form &amp;UClassName::FunctionName" />
      <item value="define DECLARE_EVENT( OwningType, EventName ) FUNC_DECLARE_EVENT( OwningType, EventName, void )" />
      <item value="DECLARE EVENT" />
      <item value="Declares a multicast delegate that is meant to only be activated from OwningType NOTE: This behavior is not enforced and this type should be considered deprecated for new delegates, use normal multicast instead" />
      <item value="Characters are Pawns that have a mesh, collision, and built-in movement logic. They are responsible for all physical interaction between the player or AI and the world, and also implement basic networking and input models. They are designed for a vertically-oriented player representation that can walk, jump, fly, and swim through the world using CharacterMovementComponent. @see APawn, UCharacterMovementComponent @see https:docs.unrealengine.comlatestINTGameplayFrameworkPawnCharacter" />
      <item value="Called when Character stops crouching. Called on non-owned Characters through bIsCrouched replication. @param HalfHeightAdjust difference between default collision half-height, and actual crouched capsule half-height. @param ScaledHalfHeightAdjust difference after component scale is taken in to account." />
      <item value="Adds a delta to the rotation of the component in its local reference frame @param DeltaRotation Change in rotation of the component in its local reference frame. @param SweepHitResult Hit result from any impact if sweep is true. @param bSweep Whether we sweep to the destination (currently not supported for rotation). @param bTeleport Whether we teleport the physics state (if physics collision is enabled for this object). If true, physics velocity for this object is unchanged (so ragdoll parts are not affected by change in location). If false, physics velocity is updated based on the change in position (affecting ragdoll parts)." />
      <item value="ENGINE_API void AddLocalOffset(FVector DeltaLocation, bool bSweep=false, FHitResult OutSweepHitResult=nullptr, ETeleportType Teleport = ETeleportType::None); Adds a delta to the rotation of the component in its local reference frame @param DeltaRotation Change in rotation of the component in its local reference frame. @param SweepHitResult Hit result from any impact if sweep is true. @param bSweep Whether we sweep to the destination (currently not supported for rotation). @param bTeleport Whether we teleport the physics state (if physics collision is enabled for this object). If true, physics velocity for this object is unchanged (so ragdoll parts are not affected by change in location). If false, physics velocity is updated based on the change in position (affecting ragdoll parts)." />
      <item value="Can't have a TEMPLATE_REQUIRES in the declaration because of the forward declarations, so check for allowed types here." />
      <item value="Fill out your copyright notice in the Description page of Project Settings." />
      <item value="Set this actor to call Tick() every frame. You can turn this off to improve performance if you don't need it." />
      <item value="F default game module impl" />
    </histories>
    <option name="languageScores">
      <map>
        <entry key="ENGLISH" value="30" />
        <entry key="KOREAN" value="30" />
        <entry key="ROMANIAN" value="2" />
      </map>
    </option>
  </component>
</application>