<keymap version="1" name="IntelliJ 복사" parent="$default">
  <action id="CopyAsPlainText">
    <keyboard-shortcut first-keystroke="ctrl windows" />
  </action>
  <action id="NextSplitter">
    <keyboard-shortcut first-keystroke="shift alt right" />
  </action>
  <action id="PrevSplitter">
    <keyboard-shortcut first-keystroke="shift alt left" />
  </action>
  <action id="RenameElement">
    <keyboard-shortcut first-keystroke="shift f6" />
    <keyboard-shortcut first-keystroke="ctrl r" second-keystroke="ctrl r" />
  </action>
  <action id="Replace">
    <keyboard-shortcut first-keystroke="shift f6" />
  </action>
  <action id="RiderCoveringTestsPopupRunAllTestsAction" />
  <action id="RiderUnitTestRunContextTwAction">
    <keyboard-shortcut first-keystroke="shift enter" />
  </action>
  <action id="Terminal.SearchInCommandHistory" />
  <action id="UsageFiltering.ReadAccess" />
</keymap>